{
  "Bleu_1": 0.1877363361343676,
  "Bleu_2": 0.07540121144401785,
  "Bleu_3": 0.037915473478096214,
  "Bleu_4": 0.021496216088338328,
  "CIDEr": 0.1737643760214421,
  "EmbeddingAverageCosineSimilarity": 0.895363,
  "GreedyMatchingScore": 0.708668,
  "METEOR": 0.07594119336169831,
  "ROUGE_L": 0.17718047781895355,
  "VectorExtremaCosineSimilarity": 0.509645
}