{
  "acc_cls_strat_id": 1.0,
  "acc_cls_strat_id_top1": 0.3238129239557301,
  "acc_cls_strat_id_top3": 0.6594073545162442,
  "bleu-1": 18.77363361343759,
  "bleu-2": 7.540121144402121,
  "bleu-3": 3.7915473478097947,
  "bleu-4": 2.1496216088339324,
  "dist-1": 3.683640303358613,
  "dist-2": 22.354187154852863,
  "dist-3": 46.47275884523551,
  "f1": 20.964153513008124,
  "f1_macro_cls_strat_id": 1.0,
  "f1_micro_cls_strat_id": 1.0,
  "length": 16.158157800785435,
  "perplexity": 15.395951271057129,
  "rouge-l": 17.718047781895354
}