{
  "predict_loss": 2.673520803451538,
  "predict_ppl": 15.419814109802246,
  "predict_Bleu_1": 0.21789638029524616,
  "predict_Bleu_2": 0.09186166695864495,
  "predict_Bleu_3": 0.04976937749312445,
  "predict_Bleu_4": 0.03046892466701753,
  "predict_METEOR": 0.08928618960443432,
  "predict_ROUGE_L": 0.20921325971521554,
  "predict_CIDEr": 0.2883606429303146,
  "predict_EmbeddingAverageCosineSimilarity": 0.917811,
  "predict_VectorExtremaCosineSimilarity": 0.52585,
  "predict_GreedyMatchingScore": 0.737048,
  "predict_runtime": 188.689,
  "predict_samples_per_second": 11.744,
  "predict_steps_per_second": 0.737
}