{
  "valid_loss": 2.577624797821045,
  "valid_ppl": 13.788583755493164,
  "valid_Bleu_1": 0.21652703436505671,
  "valid_Bleu_2": 0.07663561420113557,
  "valid_Bleu_3": 0.03476360111750919,
  "valid_Bleu_4": 0.01757757016555911,
  "valid_METEOR": 0.08733037376662667,
  "valid_ROUGE_L": 0.1790133554342987,
  "valid_CIDEr": 0.18560900847768427,
  "valid_EmbeddingAverageCosineSimilarity": 0.914346,
  "valid_VectorExtremaCosineSimilarity": 0.494567,
  "valid_GreedyMatchingScore": 0.721974,
  "valid_runtime": 151.1349,
  "valid_samples_per_second": 13.809,
  "valid_steps_per_second": 0.867
}