{
  "predict_loss": 2.673520803451538,
  "predict_ppl": 15.419814109802246,
  "predict_Bleu_1": 0.2001263564739074,
  "predict_Bleu_2": 0.06813564456335044,
  "predict_Bleu_3": 0.030673755368743547,
  "predict_Bleu_4": 0.015880667467952553,
  "predict_METEOR": 0.08359665655668869,
  "predict_ROUGE_L": 0.16797776200752482,
  "predict_CIDEr": 0.17695435157076284,
  "predict_EmbeddingAverageCosineSimilarity": 0.910437,
  "predict_VectorExtremaCosineSimilarity": 0.485499,
  "predict_GreedyMatchingScore": 0.713955,
  "predict_runtime": 156.0282,
  "predict_samples_per_second": 14.203,
  "predict_steps_per_second": 0.891
}