{
  "Bleu_1": 0.18232651979580294,
  "Bleu_2": 0.07015062259828163,
  "Bleu_3": 0.034933276706764105,
  "Bleu_4": 0.019913852235540874,
  "CIDEr": 0.14949896799772314,
  "EmbeddingAverageCosineSimilarity": 0.895539,
  "GreedyMatchingScore": 0.704597,
  "METEOR": 0.07313154588479619,
  "ROUGE_L": 0.1608941851965727,
  "VectorExtremaCosineSimilarity": 0.504815
}