{
  "bleu-1": 18.232651979581046,
  "bleu-2": 7.015062259828459,
  "bleu-3": 3.493327670676558,
  "bleu-4": 1.9913852235541736,
  "dist-1": 3.5734543391945546,
  "dist-2": 21.5791063503497,
  "dist-3": 45.04920966298837,
  "f1": 19.230976119497495,
  "length": 17.364869689396645,
  "perplexity": 14.773603439331055,
  "rouge-l": 16.08941851965727
}