{
  "acc_cls_strat_id": 0.3227418779007497,
  "acc_cls_strat_id_top1": 0.3227418779007497,
  "acc_cls_strat_id_top3": 0.6404855408782578,
  "bleu-1": 19.847166860075223,
  "bleu-2": 8.15150054732386,
  "bleu-3": 4.233739513801826,
  "bleu-4": 2.521001404902851,
  "dist-1": 3.097722382363688,
  "dist-2": 16.27386410107402,
  "dist-3": 32.09573980760421,
  "f1": 20.18529656192369,
  "f1_macro_cls_strat_id": 0.2304836442168057,
  "f1_micro_cls_strat_id": 0.3227418779007497,
  "length": 18.587290253480898,
  "p_macro_cls_strat_id": 0.2561425053520712,
  "p_micro_cls_strat_id": 0.3227418779007497,
  "perplexity": 16.16834259033203,
  "r_macro_cls_strat_id": 0.24688953684250858,
  "r_micro_cls_strat_id": 0.3227418779007497,
  "rouge-l": 17.17169868597688
}