{
  "Bleu_1": 0.19847166860074464,
  "Bleu_2": 0.08151500547323544,
  "Bleu_3": 0.0423373951380166,
  "Bleu_4": 0.025210014049027504,
  "CIDEr": 0.15093315585209133,
  "EmbeddingAverageCosineSimilarity": 0.900027,
  "GreedyMatchingScore": 0.711154,
  "METEOR": 0.0792375413474735,
  "ROUGE_L": 0.1717169868597688,
  "VectorExtremaCosineSimilarity": 0.508499
}