{
  "pro": 0.570867547304534,
  "inf_i": 2.1363352095059414,
  "inf_n": 1.3876871880199668,
  "inf_all": 1.815066047840057,
  "rep_i": 1.1644777986241401,
  "rep_n": 1.1489184692179701,
  "rep_all": 1.1578007854337737,
  "rel_i": 0.04471069718721271,
  "rel_n": 0.02551679981767065,
  "rel_all": 0.03647397293223607
}