{
  "acc_cls_strat_id": 1.0,
  "acc_cls_strat_id_top1": 0.3291681542306319,
  "acc_cls_strat_id_top3": 0.6576222777579436,
  "bleu-1": 20.58791741548185,
  "bleu-2": 8.38101454553245,
  "bleu-3": 4.261291347427396,
  "bleu-4": 2.539822714664752,
  "dist-1": 3.371635923798004,
  "dist-2": 21.029036485274847,
  "dist-3": 44.58177707882839,
  "f1": 21.70268279308542,
  "f1_macro_cls_strat_id": 1.0,
  "f1_micro_cls_strat_id": 1.0,
  "length": 17.5290967511603,
  "perplexity": 15.439732551574707,
  "rouge-l": 18.352268796523138
}