{
  "acc_cls_strat_id": 0.3216708318457694,
  "acc_cls_strat_id_top1": 0.3216708318457694,
  "acc_cls_strat_id_top3": 0.6383434487682971,
  "bleu-1": 20.008673633330158,
  "bleu-2": 8.309731059918017,
  "bleu-3": 4.362894319765217,
  "bleu-4": 2.603995792484573,
  "dist-1": 3.133481871581932,
  "dist-2": 16.362816465889328,
  "dist-3": 31.943428989215867,
  "f1": 20.35714888988519,
  "f1_macro_cls_strat_id": 0.23133177519101536,
  "f1_micro_cls_strat_id": 0.3216708318457694,
  "length": 18.62584791146019,
  "p_macro_cls_strat_id": 0.256030574641053,
  "p_micro_cls_strat_id": 0.3216708318457694,
  "perplexity": 16.15882110595703,
  "r_macro_cls_strat_id": 0.24700559828593066,
  "r_micro_cls_strat_id": 0.3216708318457694,
  "rouge-l": 17.301098042625185
}