{
  "pro": 0.5633702249196716,
  "inf_i": 2.129277566539924,
  "inf_n": 1.3908421913327882,
  "inf_all": 1.8068546947518744,
  "rep_i": 1.1711026615969582,
  "rep_n": 1.1291905151267376,
  "rep_all": 1.152802570510532,
  "rel_i": 0.06627299149148284,
  "rel_n": 0.05029525374917531,
  "rel_all": 0.05929663545476663
}