{
  "length": 15.96483267158253,
  "dist-1": 4.673463973012925,
  "dist-2": 21.424512987012985,
  "dist-3": 38.455493953813246,
  "bleu-1": 17.157161349624637,
  "bleu-2": 7.113766421655381,
  "bleu-3": 3.6595260122995765,
  "bleu-4": 2.1967844586339127,
  "f1": 20.66207022479786,
  "rouge-l": 17.621108205401192
}