{
  "length": 15.62620533182076,
  "dist-1": 4.746761808733421,
  "dist-2": 21.34093083225887,
  "dist-3": 38.79801012862457,
  "bleu-1": 16.747845312772373,
  "bleu-2": 6.826169917465788,
  "bleu-3": 3.475813960305512,
  "bleu-4": 2.0623875541830277,
  "f1": 20.59577294036909,
  "rouge-l": 17.52002949707741
}